[
  {
    "AlbumName": "Devil's advocate",
    "ReleaseDate": "07/21/2018",
    "ProducerName": "Evgeni Dimitrov",
    "Songs": [
      {
        "SongName": "Numb",
        "Price": "13.99",
        "Writer": "Kara-lynn Sharpous"
      },
      {
        "SongName": "Ibuprofen",
        "Price": "26.50",
        "Writer": "Stanford Daykin"
      }
    ],
    "AlbumPrice": "40.49"
  },
  {
    "AlbumName": "Flower shower",
    "ReleaseDate": "07/17/2018",
    "ProducerName": "Evgeni Dimitrov",
    "Songs": [
      {
        "SongName": "It is my life",
        "Price": "13.00",
        "Writer": "Stanford Daykin"
      },
      {
        "SongName": "Cough Relief",
        "Price": "25.04",
        "Writer": "Jessie Townby"
      }
    ],
    "AlbumPrice": "38.04"
  },
  {
    "AlbumName": "Two to tango",
    "ReleaseDate": "04/03/2018",
    "ProducerName": "Evgeni Dimitrov",
    "Songs": [
      {
        "SongName": "Wide Awake",
        "Price": "8.99",
        "Writer": "Marlee Olivet"
      },
      {
        "SongName": "Levothyroxine Sodium",
        "Price": "16.42",
        "Writer": "Carol Mitchell"
      }
    ],
    "AlbumPrice": "25.41"
  },
  {
    "AlbumName": "Dark matters",
    "ReleaseDate": "07/22/2018",
    "ProducerName": "Evgeni Dimitrov",
    "Songs": [
      {
        "SongName": "In the end",
        "Price": "11.99",
        "Writer": "Verine Eschalotte"
      }
    ],
    "AlbumPrice": "11.99"
  }
]